studies_id,user_id,grade
1,28,5
1,66,5
1,59,4
1,74,3
1,61,3
1,3,3
1,10,2
1,9,3
1,79,3
1,69,4
2,30,4
2,63,4
2,79,2
2,84,3
2,95,3
2,99,4
2,87,4
2,45,3
2,38,3
2,56,4
3,18,4
3,22,2
3,45,5
3,85,3
3,10,4
3,14,3
3,17,5
3,35,4
3,75,4
3,84,5
4,95,4
4,43,2
4,36,4
4,65,4
4,93,3
4,32,3
4,53,3
4,69,2
4,86,3
4,39,4
