studies_id,inter_meeting_id,meeting_date
1,0,2022-10-15
1,1,2022-11-07
1,2,2022-10-11
1,3,2022-10-14
2,4,2022-11-28
2,5,2022-11-23
2,6,2022-11-22
2,7,2022-11-25
3,8,2022-12-21
3,9,2023-01-20
3,10,2022-12-20
3,11,2023-02-02
4,12,2023-02-03
4,13,2023-01-25
4,14,2023-01-28
4,15,2023-02-22
